<?xml version="1.0" encoding="UTF-8"?>
<project-private xmlns="http://www.netbeans.org/ns/project-private/1">
    <editor-bookmarks xmlns="http://www.netbeans.org/ns/editor-bookmarks/2" lastBookmarkId="0"/>
    <open-files xmlns="http://www.netbeans.org/ns/projectui-open-files/2">
        <group>
            <file>file:/C:/Users/57312/OneDrive/Documentos/NetBeansProject/pilaClase/src/vista/newpackage/PilaVista.java</file>
            <file>file:/C:/Users/57312/OneDrive/Documentos/NetBeansProject/pilaClase/src/pilaclase/PilaClase.java</file>
            <file>file:/C:/Users/57312/OneDrive/Documentos/NetBeansProject/pilaClase/src/controlador/PilaControlador.java</file>
            <file>file:/C:/Users/57312/OneDrive/Documentos/NetBeansProject/pilaClase/src/modelo/PilaModelo.java</file>
        </group>
    </open-files>
</project-private>
