<?xml version="1.0" encoding="UTF-8"?>
<project-private xmlns="http://www.netbeans.org/ns/project-private/1">
    <editor-bookmarks xmlns="http://www.netbeans.org/ns/editor-bookmarks/2" lastBookmarkId="0"/>
    <open-files xmlns="http://www.netbeans.org/ns/projectui-open-files/2">
        <group>
            <file>file:/C:/Users/57312/OneDrive/Documentos/NetBeansProject/trabajoClase/src/modelo/Nodo.java</file>
            <file>file:/C:/Users/57312/OneDrive/Documentos/NetBeansProject/trabajoClase/src/vista/EncriptadorVista.java</file>
            <file>file:/C:/Users/57312/OneDrive/Documentos/NetBeansProject/trabajoClase/src/modelo/Pila.java</file>
            <file>file:/C:/Users/57312/OneDrive/Documentos/NetBeansProject/trabajoClase/src/controlador/EncriptadorControlador.java</file>
            <file>file:/C:/Users/57312/OneDrive/Documentos/NetBeansProject/trabajoClase/src/modelo/EncriptadorModelo.java</file>
            <file>file:/C:/Users/57312/OneDrive/Documentos/NetBeansProject/trabajoClase/src/trabajoclase/TrabajoClase.java</file>
        </group>
    </open-files>
</project-private>
